productCode,productName
men11,12
men12,13
men13,14
men14,15
men15,16
men16,17
men17,18
men18,19
men19,20
men20,21
men21,22
men22,23
men23,24
men24,25
men25,26
men26,27
men27,28
men28,29
men29,30
men30,31
men31,32
men32,33
men33,34
men34,35
men35,36
men36,37
men37,38
men38,39
men39,40
men40,41
men41,42
men42,43
men43,44
men44,45
men45,46
men46,47
men47,48
men48,49
men49,50
men50,51
men51,52
men52,53
men53,54
men54,55
men55,56
men56,57
men57,58
men58,59
men59,60
men60,61
men61,62
men62,63
men63,64
men64,65
men65,66
men66,67
men67,68
men68,69
men69,70
men70,71
men71,72
men72,73
men73,74
men74,75
men75,76
men76,77
men77,78
men78,79
men79,80
men80,81
men81,82
men82,83
men83,84
men84,85
men85,86
men86,87
men87,88
men88,89
men89,90
men90,91
men91,92
men92,93
men93,94
men94,95
men95,96
men96,97
men97,98
men98,99
men99,100
men100,101
men101,102
men102,103
men103,104
men104,105
men105,106
men106,107
men107,108
men108,109
men109,110
men110,111
men111,112
men112,113
men113,114
men114,115
men115,116
men116,117
men117,118
men118,119
men119,120
men120,121
men121,122
men122,123
men123,124
men124,125
men125,126
men126,127
men127,128
men128,129
men129,130
men130,131
men131,132
men132,133
men133,134
men134,135
men135,136
men136,137
men137,138
men138,139
men139,140
men140,141
men141,142
men142,143
men143,144
men144,145
men145,146
men146,147
men147,148
men148,149
men149,150
men150,151
men151,152
men152,153
men153,154
men154,155
men155,156
men156,157
men157,158
men158,159
men159,160
men160,161
men161,162
men162,163
men163,164
men164,165
men165,166
men166,167
men167,168
men168,169
men169,170
men170,171
men171,172
men172,173
men173,174
men174,175
men175,176
men176,177
men177,178
men178,179
men179,180
men180,181
men181,182
men182,183
men183,184
men184,185
men185,186
men186,187
men187,188
men188,189
men189,190
men190,191
men191,192
men192,193
men193,194
men194,195
men195,196
men196,197
men197,198
men198,199
men199,200
men200,201
men201,202
men202,203
men203,204
men204,205
men205,206
men206,207
men207,208
men208,209
men209,210
men210,211
men211,212
men212,213
men213,214
men214,215
men215,216
men216,217
men217,218
men218,219
men219,220
men220,221
men221,222
men222,223
men223,224
men224,225
men225,226
men226,227
men227,228
men228,229
men229,230
men230,231
men231,232
men232,233
men233,234
men234,235
men235,236
men236,237
men237,238
men238,239
men239,240
men240,241
men241,242
men242,243
men243,244
men244,245
men245,246
men246,247
men247,248
men248,249
men249,250
men250,251
men251,252
men252,253
men253,254
men254,255
men255,256
men256,257
men257,258
men258,259
men259,260
men260,261
men261,262
men262,263
men263,264
men264,265
men265,266
men266,267
men267,268
men268,269
men269,270
men270,271
men271,272
men272,273
men273,274
men274,275
men275,276
men276,277
men277,278
men278,279
men279,280
men280,281
men281,282
men282,283
men283,284
men284,285
men285,286
men286,287
men287,288
men288,289
men289,290
men290,291
men291,292
men292,293
men293,294
men294,295
men295,296
men296,297
men297,298
men298,299
men299,300
men300,301
men301,302
men302,303
men303,304
men304,305
men305,306
men306,307
men307,308
men308,309
men309,310
men310,311
men311,312
men312,313
men313,314
men314,315
men315,316
men316,317
men317,318
men318,319
men319,320
men320,321
men321,322
men322,323
men323,324
men324,325
men325,326
men326,327
men327,328
men328,329
men329,330
men330,331
men331,332
men332,333
men333,334
men334,335
men335,336
men336,337
men337,338
men338,339
men339,340
men340,341
men341,342
men342,343
men343,344
men344,345
men345,346
men346,347
men347,348
men348,349
men349,350
men350,351
men351,352
men352,353
men353,354
men354,355
men355,356
men356,357
men357,358
men358,359
men359,360
men360,361
men361,362
men362,363
men363,364
men364,365
men365,366
men366,367
men367,368
men368,369
men369,370
men370,371
men371,372
men372,373
men373,374
men374,375
men375,376
men376,377
men377,378
men378,379
men379,380
men380,381
men381,382
men382,383
men383,384
men384,385
men385,386
men386,387
men387,388
men388,389
men389,390
men390,391
men391,392
men392,393
men393,394
men394,395
men395,396
men396,397
men397,398
men398,399
men399,400
men400,401
men401,402
men402,403
men403,404
